{"phones": ["O", "a", "a:", "a:a:", "a:i", "a:u", "b", "d", "e", "ei", "f", "g", "h", "i:", "i:a", "i:u", "j", "k", "kʰ", "kʷ", "kʷʰ", "l", "m", "m̩", "n", "nn", "ou", "p", "pp", "pʰ", "r", "s", "t", "ts", "tsʰ", "tʰ", "u", "u:", "u:i", "v", "w", "y:", "ă", "ŋ", "ŋ̩", "œ:", "ɐ", "ɐi", "ɐu", "ɔ:", "ɔ:i", "ɛ:", "ɛ:u", "ɡ", "ɪ", "ɵ", "ɵy", "ʁ", "ʊ", "ˈi", "ˈɛ:", "ˌe", "ˌi"], "phone_mapping": {"<eps>": 0, "sil": 1, "spn": 2, "O": 3, "a": 4, "a:": 5, "a:a:": 6, "a:i": 7, "a:u": 8, "b": 9, "d": 10, "e": 11, "ei": 12, "f": 13, "g": 14, "h": 15, "i:": 16, "i:a": 17, "i:u": 18, "j": 19, "k": 20, "kʰ": 21, "kʷ": 22, "kʷʰ": 23, "l": 24, "m": 25, "m̩": 26, "n": 27, "nn": 28, "ou": 29, "p": 30, "pp": 31, "pʰ": 32, "r": 33, "s": 34, "t": 35, "ts": 36, "tsʰ": 37, "tʰ": 38, "u": 39, "u:": 40, "u:i": 41, "v": 42, "w": 43, "y:": 44, "ă": 45, "ŋ": 46, "ŋ̩": 47, "œ:": 48, "ɐ": 49, "ɐi": 50, "ɐu": 51, "ɔ:": 52, "ɔ:i": 53, "ɛ:": 54, "ɛ:u": 55, "ɡ": 56, "ɪ": 57, "ɵ": 58, "ɵy": 59, "ʁ": 60, "ʊ": 61, "ˈi": 62, "ˈɛ:": 63, "ˌe": 64, "ˌi": 65}, "phone_groups": {"O": ["O"], "a": ["a"], "a:": ["a:"], "a:a:": ["a:a:"], "a:i": ["a:i"], "a:u": ["a:u"], "b": ["b"], "d": ["d"], "e": ["e"], "ei": ["ei"], "f": ["f"], "g": ["g"], "h": ["h"], "i:": ["i:"], "i:a": ["i:a"], "i:u": ["i:u"], "j": ["j"], "k": ["k"], "kʰ": ["kʰ"], "kʷ": ["kʷ"], "kʷʰ": ["kʷʰ"], "l": ["l"], "m": ["m"], "m̩": ["m̩"], "n": ["n"], "nn": ["nn"], "ou": ["ou"], "p": ["p"], "pp": ["pp"], "pʰ": ["pʰ"], "r": ["r"], "s": ["s"], "t": ["t"], "ts": ["ts"], "tsʰ": ["tsʰ"], "tʰ": ["tʰ"], "u": ["u"], "u:": ["u:"], "u:i": ["u:i"], "v": ["v"], "w": ["w"], "y:": ["y:"], "ă": ["ă"], "ŋ": ["ŋ"], "ŋ̩": ["ŋ̩"], "œ:": ["œ:"], "ɐ": ["ɐ"], "ɐi": ["ɐi"], "ɐu": ["ɐu"], "ɔ:": ["ɔ:"], "ɔ:i": ["ɔ:i"], "ɛ:": ["ɛ:"], "ɛ:u": ["ɛ:u"], "ɡ": ["ɡ"], "ɪ": ["ɪ"], "ɵ": ["ɵ"], "ɵy": ["ɵy"], "ʁ": ["ʁ"], "ʊ": ["ʊ"], "ˈi": ["ˈi"], "ˈɛ:": ["ˈɛ:"], "ˌe": ["ˌe"], "ˌi": ["ˌi"]}, "version": "3.2.0", "architecture": "gmm-hmm", "train_date": "2024-11-08 22:20:46.659037", "training": {"audio_duration": 1100059.962625, "num_speakers": 3400, "num_utterances": 279569, "num_oovs": 0, "average_log_likelihood": -0.11469328644746991}, "dictionaries": {"names": ["lexicon_v3"], "default": "lexicon_v3", "silence_word": "<eps>", "use_g2p": false, "oov_word": "<unk>", "bracketed_word": "[bracketed]", "laughter_word": "[laughter]", "clitic_marker": "'", "position_dependent_phones": false}, "language": "unknown", "features": {"type": "mfcc", "use_energy": false, "frame_shift": 10, "frame_length": 25, "snip_edges": false, "low_frequency": 20, "high_frequency": 7800, "sample_frequency": 16000, "dither": 0.0, "energy_floor": 0.0, "num_coefficients": 13, "num_mel_bins": 23, "cepstral_lifter": 22, "preemphasis_coefficient": 0.97, "uses_cmvn": true, "uses_deltas": true, "uses_voiced": false, "uses_splices": false, "uses_speaker_adaptation": true, "use_pitch": false, "use_voicing": false, "min_f0": 50, "max_f0": 800, "delta_pitch": 0.005, "penalty_factor": 0.1, "silence_weight": 0.0, "splice_left_context": 3, "splice_right_context": 3}, "oov_phone": "spn", "optional_silence_phone": "sil", "phone_set_type": "UNKNOWN", "silence_probability": 0.18, "initial_silence_probability": 0.18, "final_silence_correction": 0.99, "final_non_silence_correction": 0.01}