{"phones": ["O", "a", "a:", "a:a:", "a:i", "a:k", "a:p", "a:t", "a:u", "b", "d", "e", "ei", "f", "g", "h", "i:", "i:a", "i:p", "i:t", "i:u", "j", "k", "kʰ", "kʷ", "kʷʰ", "l", "m", "m̩", "n", "nn", "ou", "p", "pp", "pʰ", "r", "s", "t", "ts", "tsʰ", "tʰ", "u", "u:", "u:i", "u:t", "v", "w", "y:", "y:t", "ă", "ŋ", "ŋ̩", "œ:", "œ:k", "ɐ", "ɐi", "ɐk", "ɐp", "ɐt", "ɐu", "ɔ:", "ɔ:i", "ɔ:k", "ɔ:t", "ɛ:", "ɛ:k", "ɛ:p", "ɛ:t", "ɛ:u", "ɡ", "ɪ", "ɪk", "ɵ", "ɵt", "ɵy", "ʁ", "ʃ", "ʊ", "ʊk", "ˈi", "ˈɛ:", "ˌe", "ˌi"], "phone_mapping": {"<eps>": 0, "sil": 1, "spn": 2, "O": 3, "a": 4, "a:": 5, "a:a:": 6, "a:i": 7, "a:k": 8, "a:p": 9, "a:t": 10, "a:u": 11, "b": 12, "d": 13, "e": 14, "ei": 15, "f": 16, "g": 17, "h": 18, "i:": 19, "i:a": 20, "i:p": 21, "i:t": 22, "i:u": 23, "j": 24, "k": 25, "kʰ": 26, "kʷ": 27, "kʷʰ": 28, "l": 29, "m": 30, "m̩": 31, "n": 32, "nn": 33, "ou": 34, "p": 35, "pp": 36, "pʰ": 37, "r": 38, "s": 39, "t": 40, "ts": 41, "tsʰ": 42, "tʰ": 43, "u": 44, "u:": 45, "u:i": 46, "u:t": 47, "v": 48, "w": 49, "y:": 50, "y:t": 51, "ă": 52, "ŋ": 53, "ŋ̩": 54, "œ:": 55, "œ:k": 56, "ɐ": 57, "ɐi": 58, "ɐk": 59, "ɐp": 60, "ɐt": 61, "ɐu": 62, "ɔ:": 63, "ɔ:i": 64, "ɔ:k": 65, "ɔ:t": 66, "ɛ:": 67, "ɛ:k": 68, "ɛ:p": 69, "ɛ:t": 70, "ɛ:u": 71, "ɡ": 72, "ɪ": 73, "ɪk": 74, "ɵ": 75, "ɵt": 76, "ɵy": 77, "ʁ": 78, "ʃ": 79, "ʊ": 80, "ʊk": 81, "ˈi": 82, "ˈɛ:": 83, "ˌe": 84, "ˌi": 85}, "phone_groups": {"O": ["O"], "a": ["a"], "a:": ["a:"], "a:a:": ["a:a:"], "a:i": ["a:i"], "a:k": ["a:k"], "a:p": ["a:p"], "a:t": ["a:t"], "a:u": ["a:u"], "b": ["b"], "d": ["d"], "e": ["e"], "ei": ["ei"], "f": ["f"], "g": ["g"], "h": ["h"], "i:": ["i:"], "i:a": ["i:a"], "i:p": ["i:p"], "i:t": ["i:t"], "i:u": ["i:u"], "j": ["j"], "k": ["k"], "kʰ": ["kʰ"], "kʷ": ["kʷ"], "kʷʰ": ["kʷʰ"], "l": ["l"], "m": ["m"], "m̩": ["m̩"], "n": ["n"], "nn": ["nn"], "ou": ["ou"], "p": ["p"], "pp": ["pp"], "pʰ": ["pʰ"], "r": ["r"], "s": ["s"], "t": ["t"], "ts": ["ts"], "tsʰ": ["tsʰ"], "tʰ": ["tʰ"], "u": ["u"], "u:": ["u:"], "u:i": ["u:i"], "u:t": ["u:t"], "v": ["v"], "w": ["w"], "y:": ["y:"], "y:t": ["y:t"], "ă": ["ă"], "ŋ": ["ŋ"], "ŋ̩": ["ŋ̩"], "œ:": ["œ:"], "œ:k": ["œ:k"], "ɐ": ["ɐ"], "ɐi": ["ɐi"], "ɐk": ["ɐk"], "ɐp": ["ɐp"], "ɐt": ["ɐt"], "ɐu": ["ɐu"], "ɔ:": ["ɔ:"], "ɔ:i": ["ɔ:i"], "ɔ:k": ["ɔ:k"], "ɔ:t": ["ɔ:t"], "ɛ:": ["ɛ:"], "ɛ:k": ["ɛ:k"], "ɛ:p": ["ɛ:p"], "ɛ:t": ["ɛ:t"], "ɛ:u": ["ɛ:u"], "ɡ": ["ɡ"], "ɪ": ["ɪ"], "ɪk": ["ɪk"], "ɵ": ["ɵ"], "ɵt": ["ɵt"], "ɵy": ["ɵy"], "ʁ": ["ʁ"], "ʃ": ["ʃ"], "ʊ": ["ʊ"], "ʊk": ["ʊk"], "ˈi": ["ˈi"], "ˈɛ:": ["ˈɛ:"], "ˌe": ["ˌe"], "ˌi": ["ˌi"]}, "version": "3.2.0", "architecture": "gmm-hmm", "train_date": "2024-11-08 17:23:57.483104", "training": {"audio_duration": 1100166.870625, "num_speakers": 3400, "num_utterances": 279592, "num_oovs": 0, "average_log_likelihood": -0.11467079789988446}, "dictionaries": {"names": ["lexicon_v1"], "default": "lexicon_v1", "silence_word": "<eps>", "use_g2p": false, "oov_word": "<unk>", "bracketed_word": "[bracketed]", "laughter_word": "[laughter]", "clitic_marker": "'", "position_dependent_phones": false}, "language": "unknown", "features": {"type": "mfcc", "use_energy": false, "frame_shift": 10, "frame_length": 25, "snip_edges": false, "low_frequency": 20, "high_frequency": 7800, "sample_frequency": 16000, "dither": 0.0, "energy_floor": 0.0, "num_coefficients": 13, "num_mel_bins": 23, "cepstral_lifter": 22, "preemphasis_coefficient": 0.97, "uses_cmvn": true, "uses_deltas": true, "uses_voiced": false, "uses_splices": false, "uses_speaker_adaptation": true, "use_pitch": false, "use_voicing": false, "min_f0": 50, "max_f0": 800, "delta_pitch": 0.005, "penalty_factor": 0.1, "silence_weight": 0.0, "splice_left_context": 3, "splice_right_context": 3}, "oov_phone": "spn", "optional_silence_phone": "sil", "phone_set_type": "UNKNOWN", "silence_probability": 0.19, "initial_silence_probability": 0.19, "final_silence_correction": 0.99, "final_non_silence_correction": 0.01}