{"phones": ["a:", "a:i", "a:u", "b", "d", "e", "ei", "f", "h", "i:", "i:a", "i:u", "j", "k", "kʰ", "l", "m", "m̩", "n", "nn", "ou", "p", "pp", "pʰ", "r", "s", "sʰ", "t", "tʰ", "u:", "u:i", "v", "w", "y:", "ŋ", "ŋ̩", "œ:", "ɐ", "ɐi", "ɐu", "ɔ:", "ɔ:i", "ɛ:", "ɛ:u", "ɡ", "ɪ", "ɵ", "ɵy", "ʁ", "ʊ", "ˈi", "ˈɛ:", "ˌe"], "phone_groups": {"a:": ["a:"], "a:i": ["a:i"], "a:u": ["a:u"], "b": ["b"], "d": ["d"], "e": ["e"], "ei": ["ei"], "f": ["f"], "h": ["h"], "i:": ["i:"], "i:a": ["i:a"], "i:u": ["i:u"], "j": ["j"], "k": ["k"], "kʰ": ["kʰ"], "l": ["l"], "m": ["m"], "m̩": ["m̩"], "n": ["n"], "nn": ["nn"], "ou": ["ou"], "p": ["p"], "pp": ["pp"], "pʰ": ["pʰ"], "r": ["r"], "s": ["s"], "sʰ": ["sʰ"], "t": ["t"], "tʰ": ["tʰ"], "u:": ["u:"], "u:i": ["u:i"], "v": ["v"], "w": ["w"], "y:": ["y:"], "ŋ": ["ŋ"], "ŋ̩": ["ŋ̩"], "œ:": ["œ:"], "ɐ": ["ɐ"], "ɐi": ["ɐi"], "ɐu": ["ɐu"], "ɔ:": ["ɔ:"], "ɔ:i": ["ɔ:i"], "ɛ:": ["ɛ:"], "ɛ:u": ["ɛ:u"], "ɡ": ["ɡ"], "ɪ": ["ɪ"], "ɵ": ["ɵ"], "ɵy": ["ɵy"], "ʁ": ["ʁ"], "ʊ": ["ʊ"], "ˈi": ["ˈi"], "ˈɛ:": ["ˈɛ:"], "ˌe": ["ˌe"]}, "version": "3.0.0a5", "architecture": "gmm-hmm", "train_date": "2023-10-06 21:18:46.316329", "training": {"audio_duration": 34228.6335625, "num_speakers": 288, "num_utterances": 8421, "num_oovs": 0, "average_log_likelihood": -0.0003363677122933208}, "dictionaries": {"names": ["lexicon"], "default": "lexicon", "silence_word": "<eps>", "use_g2p": false, "oov_word": "<unk>", "bracketed_word": "[bracketed]", "laughter_word": "[laughter]", "clitic_marker": "'", "position_dependent_phones": false}, "features": {"type": "mfcc", "use_energy": false, "frame_shift": 10, "frame_length": 25, "snip_edges": true, "low_frequency": 20, "high_frequency": 7800, "sample_frequency": 16000, "dither": 1, "energy_floor": 0, "num_coefficients": 13, "num_mel_bins": 23, "cepstral_lifter": 22, "preemphasis_coefficient": 0.97, "uses_cmvn": true, "uses_deltas": true, "uses_voiced": false, "uses_splices": false, "uses_speaker_adaptation": true, "use_pitch": false, "use_voicing": false, "min_f0": 50, "max_f0": 800, "delta_pitch": 0.005, "penalty_factor": 0.1, "silence_weight": 0.0, "splice_left_context": 3, "splice_right_context": 3}, "oov_phone": "spn", "optional_silence_phone": "sil", "phone_set_type": "UNKNOWN", "silence_probability": 0.22, "initial_silence_probability": 0.22, "final_silence_correction": 0.99, "final_non_silence_correction": 0.01}